text,true_label,predicted_label,confidence
tell time alarm set,alarm_query,alarm_query,0.5047374
list alarm,alarm_query,alarm_query,0.16739716
alarm setting,alarm_query,alarm_query,0.13919711
alarm set today,alarm_query,alarm_query,0.30254757
please see see alarm set sunday morning,alarm_query,calendar_set,0.24216396
tell next alarm,alarm_query,alarm_query,0.3895038
please tell alarm,alarm_query,alarm_query,0.37194002
please list alarm,alarm_query,alarm_remove,0.22905748
alarm set right,alarm_query,alarm_query,0.27683344
check whether set alarm tomorrow morning,alarm_query,alarm_query,0.23067495
tell alarm,alarm_query,alarm_query,0.26342073
alarm set,alarm_query,alarm_query,0.29627556
alarm four,alarm_query,alarm_query,0.26496708
show alarm,alarm_query,alarm_query,0.25049907
alarm time set,alarm_query,alarm_query,0.4432858
tell alarm set,alarm_query,alarm_query,0.45801136
please let know morning alarm time kept weekend,alarm_query,alarm_query,0.23187418
time alarm set tomorrow,alarm_query,alarm_query,0.48461792
may know alarm set,alarm_query,alarm_query,0.4510276
disable alarm set nine thirty,alarm_remove,alarm_set,0.3868273
delete scheduled alarm,alarm_remove,calendar_remove,0.21009034
turn first alarm,alarm_remove,alarm_set,0.23362103
please cancel alarm tomorrow,alarm_remove,alarm_set,0.27942207
please delete wednesday evening alarm,alarm_remove,calendar_remove,0.45291784
please delete morning alarm,alarm_remove,alarm_remove,0.28107613
remove alarm,alarm_remove,alarm_remove,0.18530838
cancel alarm,alarm_remove,alarm_query,0.16945033
delete alarm set,alarm_remove,alarm_remove,0.268495
could please remove set alarm eight nine,alarm_remove,alarm_set,0.3965843
please turn alarm,alarm_remove,alarm_set,0.18493728
set alarm nine,alarm_set,alarm_set,0.34942052
change alarm start midnight,alarm_set,iot_cleaning,0.33050734
alarm ten,alarm_set,alarm_query,0.27840582
set alarm tomorrow,alarm_set,alarm_set,0.3346558
set alarm twelve,alarm_set,alarm_set,0.31936753
set timer five seven day week,alarm_set,calendar_set,0.18753123
need set alarm next friday noon,alarm_set,calendar_set,0.24430196
please sound alarm three hour scheduled event,alarm_set,alarm_set,0.39935133
set alarm seven,alarm_set,alarm_set,0.35245872
alert ten please,alarm_set,alarm_query,0.25344706
set alarm seven work,alarm_set,alarm_set,0.36098593
wake time,alarm_set,alarm_set,0.15870221
change alarm mountain time,alarm_set,alarm_set,0.22437765
set day alarm ten time meal,alarm_set,alarm_query,0.40095368
please set alarm clock next meeting team three next friday,alarm_set,alarm_set,0.27864212
set alarm six,alarm_set,alarm_set,0.35732526
set alarm eight hundred evening,alarm_set,alarm_set,0.39315227
set alarm six thirty,alarm_set,alarm_set,0.38327944
make wake alarm eight forty five,alarm_set,alarm_set,0.31813693
could please lower tone,audio_volume_down,audio_volume_up,0.38950333
please talk softer,audio_volume_down,general_commandstop,0.13609411
lower speak volume,audio_volume_down,audio_volume_up,0.40333134
loud decrease volume,audio_volume_down,audio_volume_up,0.41420627
turn volume,audio_volume_down,audio_volume_up,0.23730539
reduce volume,audio_volume_down,audio_volume_up,0.26415387
lower volume twenty,audio_volume_down,audio_volume_up,0.36895052
lower volume fifty percent,audio_volume_down,audio_volume_up,0.41691324
quiet please,audio_volume_mute,audio_volume_mute,0.13366184
mute sound speaker,audio_volume_mute,audio_volume_up,0.26088127
please mute five minute,audio_volume_mute,audio_volume_mute,0.3434906
mute speaker minute need make call,audio_volume_mute,iot_coffee,0.597293
mute speaker,audio_volume_mute,audio_volume_mute,0.22394225
silence volume speaker,audio_volume_mute,audio_volume_up,0.40328988
turn medium volume,audio_volume_mute,audio_volume_up,0.35274786
need quiet tomorrow,audio_volume_mute,alarm_query,0.14712563
sleep,audio_volume_mute,general_quirky,0.03869034
notification five minute,audio_volume_mute,alarm_query,0.19853505
turn sound,audio_volume_mute,audio_volume_mute,0.1405858
mute music,audio_volume_mute,audio_volume_up,0.24103935
pause ten second,audio_volume_mute,play_podcasts,0.23979488
set mute twenty minute,audio_volume_mute,audio_volume_mute,0.3412594
need mute speaker,audio_volume_mute,audio_volume_mute,0.30497694
could speak little softly,audio_volume_up,audio_volume_up,0.37645796
turn,audio_volume_up,audio_volume_mute,0.037519395
increase volume little,audio_volume_up,audio_volume_up,0.3983709
olly turn volume,audio_volume_up,audio_volume_up,0.38631582
raise volume level seven music player,audio_volume_up,audio_volume_up,0.4333037
want speaker turned high,audio_volume_up,audio_volume_up,0.35527983
rise volume,audio_volume_up,audio_volume_up,0.22455688
please increase volume music hip dont lie,audio_volume_up,play_music,0.17409065
raise volume music player fifty percent,audio_volume_up,audio_volume_up,0.43193278
speak loud,audio_volume_up,audio_volume_mute,0.1385316
increase volume please,audio_volume_up,audio_volume_up,0.40279964
make bit louder,audio_volume_up,audio_volume_up,0.19428386
increase volume fifty percent,audio_volume_up,audio_volume_up,0.41506192
school dance junction marked,calendar_query,recommendation_events,0.16732539
schedule tomorrow,calendar_query,calendar_query,0.14923973
available five sunday,calendar_query,transport_query,0.2286257
notification social medium,calendar_query,social_query,0.5755201
scheduled next week,calendar_query,calendar_query,0.22829847
tell meeting week,calendar_query,calendar_query,0.28221515
opening schedule tomorrow,calendar_query,weather_query,0.2796625
need pick kid anything today,calendar_query,takeaway_query,0.21139859
anything need aware,calendar_query,qa_factoid,0.11641755
undone task,calendar_query,qa_definition,0.12096103
left today,calendar_query,recommendation_events,0.06123661
list upcoming event,calendar_query,recommendation_events,0.28624946
one thousand two hundred thirty already meeting ten min,calendar_query,qa_maths,0.5249953
meeting scheduled tomorrow,calendar_query,calendar_set,0.29384774
birthday,calendar_query,general_quirky,0.03934882
next appointment contact reschedule,calendar_query,email_querycontact,0.2853976
plan tonight,calendar_query,calendar_query,0.16406834
day week birthday year,calendar_query,calendar_query,0.304542
schedule june fourteenth two thousand seventeen,calendar_query,weather_query,0.29327488
remove next event calendar,calendar_remove,calendar_remove,0.45612302
format calendar,calendar_remove,calendar_query,0.16302736
remove board meeting reschedule next wednesday,calendar_remove,calendar_remove,0.4662269
delete event mine,calendar_remove,calendar_remove,0.34338683
cancel event valentine day calendar,calendar_remove,calendar_remove,0.46358892
remove meeting today one,calendar_remove,calendar_remove,0.45829666
longer need see doctor event removed,calendar_remove,calendar_set,0.30181396
please remove march nineteenth scheduled event,calendar_remove,calendar_remove,0.46078172
make sure event calendar,calendar_remove,calendar_remove,0.41174656
remove event calendar,calendar_remove,calendar_remove,0.4307055
delete meeting event march nineteen one,calendar_remove,calendar_remove,0.4696957
remove upcoming task,calendar_remove,lists_createoradd,0.19514272
remove emmas birthday event,calendar_remove,calendar_remove,0.447677
calendar delete golf event current month,calendar_remove,calendar_remove,0.4552255
erase calendar event,calendar_remove,calendar_remove,0.36943635
take lunch meeting calendar,calendar_remove,calendar_remove,0.39772972
delete event tomorrow,calendar_remove,calendar_remove,0.42290276
delete party june first calendar,calendar_remove,calendar_remove,0.46587786
please clear calendar event,calendar_remove,calendar_remove,0.43207642
set reminder tomorrow evening,calendar_set,calendar_remove,0.36054486
notify event going take place,calendar_set,recommendation_events,0.34055275
add jim jerry event,calendar_set,calendar_remove,0.30106136
make repeating reminder yoga practice every day noon,calendar_set,calendar_remove,0.46373972
meeting sean four wednesday remind,calendar_set,calendar_remove,0.35314968
create event gym day monday set repeat,calendar_set,calendar_remove,0.4616899
blot phone call planned morning twenty three march,calendar_set,weather_query,0.31623068
remind meeting tomorrow,calendar_set,calendar_remove,0.3283654
repeat reminder schedule christmas,calendar_set,calendar_query,0.2624252
remind call grandma sunday,calendar_set,transport_taxi,0.20763683
next week uncle birthday,calendar_set,calendar_query,0.35715973
add running calendar thursday,calendar_set,calendar_remove,0.4258329
would like attend church every sunday eleven,calendar_set,calendar_query,0.18398088
see john available meeting monday,calendar_set,calendar_set,0.22518699
remind meeting,calendar_set,calendar_set,0.20663656
set alarm calendar event five min,calendar_set,calendar_set,0.3203614
activate one week notification anniversary please,calendar_set,iot_cleaning,0.18590224
could please schedule meeting person,calendar_set,calendar_set,0.2990966
meeting march twenty first ten,calendar_set,calendar_set,0.3325628
help make brownie,cooking_recipe,iot_coffee,0.2819945
crabmeat recipe,cooking_recipe,cooking_recipe,0.24541579
spice,cooking_recipe,general_quirky,0.04102321
tell vegetable cooked,cooking_recipe,qa_factoid,0.23613705
learn cut potato correctly,cooking_recipe,cooking_recipe,0.24797775
cook meal,cooking_recipe,cooking_recipe,0.25133458
get recipe tuna,cooking_recipe,cooking_recipe,0.5076346
please cook hamburger,cooking_recipe,cooking_recipe,0.49279043
cook yellow rice,cooking_recipe,cooking_recipe,0.3397273
need know make stuffed pepper,cooking_recipe,cooking_recipe,0.27299616
cook pasta,cooking_recipe,cooking_recipe,0.26494795
look different recipe,cooking_recipe,cooking_recipe,0.51837236
ingredient used instead saffron,cooking_recipe,cooking_recipe,0.18610387
find apple pie recipe,cooking_recipe,cooking_recipe,0.32516727
enough ingredient refrigerator,cooking_recipe,qa_definition,0.22306615
search favorite meal,cooking_recipe,cooking_recipe,0.42093372
tell preparation method chicken sixty five,cooking_recipe,cooking_recipe,0.19783899
would like able find recipe,cooking_recipe,general_joke,0.33566198
people use avocado seed,cooking_recipe,qa_factoid,0.30650783
eight east coast time sacramento california,datetime_convert,transport_query,0.20877029
four missouri time london,datetime_convert,datetime_query,0.28122562
please change time zone,datetime_convert,qa_maths,0.24615735
time zone please change current,datetime_convert,datetime_query,0.2879073
please change time zone canada,datetime_convert,qa_maths,0.2307603
time locally nine bangalore india time,datetime_convert,datetime_convert,0.24646115
ten eastern standard time time pacific standard time,datetime_convert,datetime_convert,0.26748857
change mountain standard pacific,datetime_convert,transport_traffic,0.410267
please tell date,datetime_query,datetime_query,0.2894541
date today,datetime_query,datetime_query,0.1296586
today,datetime_query,general_quirky,0.043490544
time geneva,datetime_query,datetime_query,0.14689443
let know time,datetime_query,datetime_query,0.30658287
new york time please,datetime_query,datetime_query,0.42342815
time difference dakar,datetime_query,datetime_query,0.30161396
let know time india,datetime_query,datetime_query,0.528167
tell time time zone,datetime_query,datetime_query,0.43464422
date next monday,datetime_query,calendar_query,0.28389722
tell time dallas texas,datetime_query,datetime_query,0.3758029
time time zone,datetime_query,datetime_query,0.29552305
hey whats current time austin,datetime_query,datetime_query,0.4820998
hey time,datetime_query,general_repeat,0.079260655
could tell time,datetime_query,general_repeat,0.22317913
day week next holiday fall,datetime_query,calendar_query,0.26391968
august fifteenth day week,datetime_query,weather_query,0.25713915
tell date today,datetime_query,datetime_query,0.1850082
hey whats today date,datetime_query,weather_query,0.19928658
add dans email,email_addcontact,email_sendemail,0.32770216
add contact mail,email_addcontact,email_sendemail,0.28430223
enter atdfdyahoo dot com contact list,email_addcontact,email_query,0.4492371
get apahelpyahoo dot com contact,email_addcontact,email_query,0.4314017
save email contact,email_addcontact,email_sendemail,0.22856005
please add johndoeyahoocom contact list,email_addcontact,email_addcontact,0.28856573
add new email,email_addcontact,email_sendemail,0.29279035
add work email address,email_addcontact,email_sendemail,0.32373223
new email name,email_query,email_querycontact,0.241624
give recent email,email_query,email_query,0.41271064
refresh email,email_query,email_query,0.2579916
need know email contact pertaining subject,email_query,email_querycontact,0.364658
open email,email_query,email_sendemail,0.25803253
sent email past week,email_query,email_sendemail,0.40770644
check email unread email mom,email_query,email_query,0.40306923
email come last five hour,email_query,email_sendemail,0.57514966
report new email inbox please,email_query,email_query,0.45422336
subject sender last email,email_query,email_query,0.435669
tell susan last email,email_query,email_query,0.44269797
show email received recently,email_query,email_query,0.41931927
email jessica,email_query,email_sendemail,0.16352639
recent unread email,email_query,email_query,0.43653202
new email ryan,email_query,email_query,0.42147192
carlos linux upgrade email,email_query,email_querycontact,0.31728777
mail,email_query,general_quirky,0.04062956
gotten mail recently,email_query,social_post,0.24682418
check email,email_query,email_query,0.28287154
sarah number,email_querycontact,email_querycontact,0.22388034
give detail john,email_querycontact,email_query,0.3309695
responded phone call,email_querycontact,email_querycontact,0.25307378
jeffs number,email_querycontact,email_querycontact,0.16185708
many contact named john,email_querycontact,email_query,0.4007303
tell contact detail brother,email_querycontact,email_query,0.43920282
show mobile number john,email_querycontact,email_querycontact,0.36960286
contact mona email well,email_querycontact,email_query,0.4240687
show number contact email rehan,email_querycontact,email_query,0.3740945
look residential address team leader,email_querycontact,qa_factoid,0.36732435
wife email,email_querycontact,email_query,0.26676226
select contact,email_querycontact,general_negate,0.09320655
sister cellphone number,email_querycontact,email_querycontact,0.29477173
old mary,email_querycontact,general_quirky,0.079330586
mom text,email_querycontact,email_query,0.19711737
please let know david travelling,email_querycontact,qa_factoid,0.22444694
hayden still living turnpike lane,email_querycontact,cooking_recipe,0.16212082
add rebecca green list favorite contact,email_querycontact,email_addcontact,0.34251514
jills home phone number,email_querycontact,email_querycontact,0.3671282
send mail talk,email_sendemail,email_sendemail,0.44968513
pull kates email write let know,email_sendemail,social_post,0.5659521
please reply bos recent email say ppt ready one hour maximum,email_sendemail,email_sendemail,0.6002155
reply email charles thank right,email_sendemail,social_post,0.3299504
send new email jana dot litt gmail dot com,email_sendemail,email_sendemail,0.61897993
hey please reply last pawels email,email_sendemail,email_sendemail,0.55530965
send email new email address,email_sendemail,email_sendemail,0.61180216
send email friend say birthday wish,email_sendemail,email_sendemail,0.61657566
send email mom starting subject vacation,email_sendemail,email_sendemail,0.6166251
jjnztyahoo dot com,email_sendemail,email_query,0.38878053
email happy new year john,email_sendemail,email_sendemail,0.56321234
tell joes email come house moment alone,email_sendemail,email_query,0.37652418
email send message,email_sendemail,email_sendemail,0.4899003
email john smith,email_sendemail,email_sendemail,0.4348979
start new email george brown,email_sendemail,email_sendemail,0.34244052
send replay email,email_sendemail,email_sendemail,0.53123546
send reply joe,email_sendemail,email_sendemail,0.5334304
email tom date time tomorrow meeting,email_sendemail,email_sendemail,0.5797257
add mail subject content,email_sendemail,email_sendemail,0.3612007
fantastic response,general_affirm,general_affirm,0.35215655
yeap youve gotten instruction perfectly,general_affirm,general_affirm,0.60204697
yeah wonderful response,general_affirm,general_affirm,0.5788606
yeah exact response command,general_affirm,general_affirm,0.6200116
yeah perfect response command,general_affirm,general_affirm,0.6136795
yeah excellent,general_affirm,general_affirm,0.3445904
yeah exactly,general_affirm,general_affirm,0.38524234
perfect response command,general_affirm,general_affirm,0.5929152
yes got instruction perfectly,general_affirm,general_affirm,0.57654524
yeah understood command correcly,general_affirm,general_affirm,0.58399224
yeah wonderful response command,general_affirm,general_affirm,0.6260494
strongly agree,general_affirm,qa_definition,0.13178022
yeap confirmed,general_affirm,general_affirm,0.38085586
got command right,general_affirm,general_negate,0.40812287
yeah strongly agree,general_affirm,general_affirm,0.46232012
yeah fantastic,general_affirm,general_affirm,0.3575002
yes youve understood instruction exactly,general_affirm,general_affirm,0.6051834
yeap understanding confirmed,general_affirm,general_affirm,0.5470571
yeah correct,general_affirm,general_affirm,0.35073027
would like stop,general_commandstop,general_commandstop,0.56924653
please shut,general_commandstop,general_commandstop,0.45183462
olly thats enough stop,general_commandstop,general_commandstop,0.60324734
olly stop,general_commandstop,general_commandstop,0.35740614
olly please would stop,general_commandstop,general_commandstop,0.76670825
please shut,general_commandstop,general_commandstop,0.45183462
like cancel,general_commandstop,general_commandstop,0.38320306
stop please,general_commandstop,general_explain,0.16646592
would cancel please,general_commandstop,general_commandstop,0.70481896
olly shut,general_commandstop,general_commandstop,0.49834248
olly enough stop,general_commandstop,general_commandstop,0.6873167
olly cancel please,general_commandstop,general_commandstop,0.7720015
stop,general_commandstop,audio_volume_mute,0.033535838
thats cancel,general_commandstop,general_commandstop,0.42749384
olly shut please,general_commandstop,general_commandstop,0.77122617
olly stop,general_commandstop,general_commandstop,0.35740614
cancel,general_commandstop,general_commandstop,0.038572334
olly please shut,general_commandstop,general_commandstop,0.7842786
olly want cancel,general_commandstop,general_commandstop,0.7323728
would confirm question,general_confirm,general_confirm,0.7800512
could check last question,general_confirm,general_confirm,0.8512281
check confirm command please,general_confirm,general_confirm,0.85184914
please check,general_confirm,general_confirm,0.20459105
could check confirm last said please,general_confirm,general_confirm,0.85950446
please check,general_confirm,general_confirm,0.20459105
please confirm question,general_confirm,general_confirm,0.75738525
check detail please,general_confirm,general_confirm,0.6489463
confirm,general_confirm,general_explain,0.038101222
please confirm,general_confirm,general_confirm,0.25300002
check confirm question please,general_confirm,general_confirm,0.85328335
like check question please,general_confirm,general_confirm,0.84935844
get said correctly,general_confirm,general_explain,0.31416765
get said correctly,general_confirm,general_explain,0.31416765
like check confirm said please,general_confirm,general_confirm,0.85847753
would please confirm instruction,general_confirm,general_confirm,0.7896375
check confirm last question please,general_confirm,general_confirm,0.85745114
check confirm instruction please,general_confirm,general_confirm,0.85248905
check last thing said please,general_confirm,general_confirm,0.85081977
would mind olly,general_dontcare,general_dontcare,0.6830534
wouldnt mind one,general_dontcare,general_dontcare,0.53807276
matter olly,general_dontcare,general_dontcare,0.44033718
dont really bother olly,general_dontcare,general_dontcare,0.7061182
wouldnt really know olly,general_dontcare,general_dontcare,0.7201149
idea olly,general_dontcare,general_dontcare,0.47793385
mind whatever,general_dontcare,general_dontcare,0.40259552
one good olly,general_dontcare,general_dontcare,0.57861274
matter olly,general_dontcare,general_dontcare,0.44033718
would mind select one,general_dontcare,general_dontcare,0.67787904
really mind whatever,general_dontcare,general_dontcare,0.67001706
unimportant,general_dontcare,general_quirky,0.03772511
would mind select one olly,general_dontcare,general_dontcare,0.6961022
matter,general_dontcare,general_dontcare,0.0431786
one good,general_dontcare,general_dontcare,0.07008005
unimportant olly,general_dontcare,general_dontcare,0.38071248
wouldnt really mind whatever,general_dontcare,general_dontcare,0.68489724
idea regarding select olly,general_dontcare,general_dontcare,0.69845957
matter olly,general_dontcare,general_dontcare,0.44033718
would clarify answer please,general_explain,general_explain,0.5886502
understand,general_explain,general_explain,0.03687583
word clear,general_explain,general_explain,0.14211568
explain please,general_explain,general_explain,0.27269584
unclear said,general_explain,general_explain,0.28339973
please clarify,general_explain,general_explain,0.33551344
rephrase response please,general_explain,general_explain,0.37422958
clarify answer,general_explain,general_explain,0.3296109
elaborate,general_explain,general_explain,0.043233253
couldnt understand said,general_explain,general_explain,0.36231855
clarify youve said please,general_explain,general_explain,0.55212265
didnt get response,general_explain,general_affirm,0.4957429
could please rephrase said,general_explain,general_explain,0.52276206
said clear,general_explain,general_explain,0.26666626
explain,general_explain,general_explain,0.03977076
get,general_explain,general_quirky,0.038195077
explain answer please,general_explain,general_explain,0.55346924
catch,general_explain,general_quirky,0.035902634
didnt understand said,general_explain,general_explain,0.346163
tell random joke,general_joke,general_joke,0.47219265
find joke related baseball,general_joke,play_audiobook,0.13621947
need cheered right tell good joke,general_joke,general_joke,0.31414133
today joke,general_joke,general_joke,0.16835678
joke,general_joke,general_quirky,0.040207237
whats favorite joke,general_joke,general_joke,0.5151727
look joke,general_joke,general_joke,0.21489626
know joke,general_joke,general_joke,0.2041807
want nerd joke,general_joke,general_joke,0.4385425
joke,general_joke,general_quirky,0.040207237
joke,general_joke,general_quirky,0.040207237
joke please,general_joke,general_joke,0.09676454
thanks think dont understand correctly,general_negate,general_negate,0.580347
sorry think youve got right,general_negate,general_negate,0.64020723
didnt say,general_negate,general_negate,0.26328835
shit right,general_negate,general_negate,0.17335558
think correct response,general_negate,general_negate,0.42992386
thanks understood wrongly,general_negate,general_affirm,0.40813693
wait think thats right answer,general_negate,general_negate,0.5248774
wasnt right,general_negate,transport_traffic,0.1110694
oops youre correct,general_negate,general_negate,0.40055838
wait interpret command right,general_negate,general_negate,0.4452133
done wrong thing,general_negate,general_negate,0.2746225
wait correct answer,general_negate,general_negate,0.40646863
thanks think get,general_negate,general_negate,0.50757366
looking,general_negate,general_quirky,0.04152331
uhh incorrect command,general_negate,general_affirm,0.40050632
think dont get answer right,general_negate,general_negate,0.6138711
think task wrong,general_negate,general_negate,0.566244
understand searching,general_negate,general_negate,0.14924365
sorry think correct answer,general_negate,general_negate,0.62819594
hero thank much olly,general_praise,general_praise,0.72956437
done correctly thanks olly,general_praise,general_praise,0.7362262
thats nice one,general_praise,general_praise,0.66635317
rock thank much olly,general_praise,general_praise,0.6982471
fantastic job well,general_praise,general_praise,0.39538702
thats good thanks,general_praise,general_praise,0.5015313
appreciate answer olly,general_praise,general_praise,0.58798105
star thank much olly,general_praise,general_praise,0.7097725
cool appreciate,general_praise,general_praise,0.35463595
fantastic job youve done well olly,general_praise,general_praise,0.7496414
great work well olly,general_praise,general_praise,0.6787963
cool thanks olly,general_praise,general_praise,0.6239707
thank response olly,general_praise,general_praise,0.7061802
youve done right,general_praise,general_affirm,0.4516369
well done appreciated,general_praise,general_praise,0.6824611
excellent work done well,general_praise,general_negate,0.43618932
awesome job well,general_praise,general_praise,0.5516075
great one thank much,general_praise,general_praise,0.71999663
helpful appreciated,general_praise,general_praise,0.4446593
today lunch longtime sweetheart play nice song mood,general_quirky,play_game,0.11134836
whats,general_quirky,general_quirky,0.04152298
data prefers problem object,general_quirky,qa_definition,0.32018432
salary,general_quirky,general_quirky,0.04102321
overall day,general_quirky,weather_query,0.09062802
anything need know,general_quirky,social_query,0.21376531
mile marker sixty five hanging tree located,general_quirky,cooking_recipe,0.16742061
tell happens die,general_quirky,qa_factoid,0.24538311
country,general_quirky,general_quirky,0.039828856
need spare washing car today,general_quirky,weather_query,0.35185462
brings problem,general_quirky,qa_definition,0.095972136
explain problem syria becomes stronger america,general_quirky,qa_definition,0.20739761
chatbot,general_quirky,general_quirky,0.04102321
high quality stone,general_quirky,qa_definition,0.19241688
please tell,general_quirky,general_repeat,0.1613168
yesterday,general_quirky,general_quirky,0.042163327
come across new recipe,general_quirky,cooking_recipe,0.15333827
day,general_quirky,general_quirky,0.039925475
give product review gamespot nintendo switch,general_quirky,qa_factoid,0.18122274
let start please,general_repeat,lists_remove,0.11164756
please say one time,general_repeat,general_repeat,0.54648465
would like hear information spoken,general_repeat,qa_definition,0.21293446
would like hear last one spoken,general_repeat,general_repeat,0.42369682
like hear last spoke,general_repeat,general_repeat,0.56987345
need hear youve said,general_repeat,general_explain,0.34728178
retry please,general_repeat,general_repeat,0.18191278
try said one time please,general_repeat,general_repeat,0.6364213
would tell one please,general_repeat,general_repeat,0.6206693
would tell,general_repeat,general_repeat,0.12143467
could tell last one said please,general_repeat,general_repeat,0.44223765
want hear,general_repeat,audio_volume_up,0.11976326
want hear,general_repeat,audio_volume_up,0.11976326
please could tell,general_repeat,general_repeat,0.35851738
try please,general_repeat,general_repeat,0.20493229
say one time please,general_repeat,general_repeat,0.61318946
speak please,general_repeat,general_explain,0.20452659
please say,general_repeat,general_explain,0.20849898
please tell,general_repeat,general_repeat,0.1613168
please activate vacuum clean living room,iot_cleaning,iot_cleaning,0.3232903
wake roomba kitchen,iot_cleaning,iot_cleaning,0.6292003
please vacuum one hour,iot_cleaning,iot_cleaning,0.21529104
activate vacuum,iot_cleaning,iot_cleaning,0.5063459
clean sofa vacuum cleaner,iot_cleaning,iot_cleaning,0.78933954
vacuum cleaner clean room,iot_cleaning,iot_cleaning,0.7668605
hurriedly activates robot vacuum cleaner,iot_cleaning,iot_cleaning,0.7918601
begin vacuum,iot_cleaning,iot_cleaning,0.3670388
remove dust vacuum cleaner,iot_cleaning,iot_cleaning,0.7282534
start vacuum bot,iot_cleaning,iot_cleaning,0.6479829
start robot vacuum cleaner ten eleven daily,iot_cleaning,play_audiobook,0.26697594
activate vacuum cleaner,iot_cleaning,iot_cleaning,0.7649115
turn roomba,iot_cleaning,iot_cleaning,0.20274979
begin vacuum cleaning,iot_cleaning,iot_cleaning,0.7191823
please turn vacuum cleaner,iot_cleaning,iot_cleaning,0.78679115
activate robot vacuum cleaner,iot_cleaning,iot_cleaning,0.7889092
would like coffee,iot_coffee,iot_coffee,0.8179676
please make coffee seven,iot_coffee,iot_coffee,0.8790538
make cup coffee,iot_coffee,iot_coffee,0.86642855
start coffee six,iot_coffee,iot_coffee,0.7952199
want coffee,iot_coffee,iot_coffee,0.5667716
get latte please,iot_coffee,iot_coffee,0.20262402
prepare morning coffee,iot_coffee,iot_coffee,0.6901565
prepare cup coffee,iot_coffee,iot_coffee,0.86046493
see coffee maker ready filter coffee approximately ten minute,iot_coffee,iot_coffee,0.32346803
like coffee,iot_coffee,iot_coffee,0.4662661
please turn coffee pot make coffee,iot_coffee,iot_coffee,0.88447905
prepare coffee,iot_coffee,iot_coffee,0.5251631
get cup coffee,iot_coffee,iot_coffee,0.85901016
make cup coffee,iot_coffee,iot_coffee,0.86642855
get cup coffee ready,iot_coffee,iot_coffee,0.8732741
coffee please,iot_coffee,iot_coffee,0.3161055
make capuccino,iot_coffee,iot_coffee,0.10431672
make coffee eight,iot_coffee,iot_coffee,0.62197876
put pot coffee,iot_coffee,iot_coffee,0.83804184
please make light natural,iot_hue_lightchange,iot_hue_lightchange,0.529499
light fifty percent,iot_hue_lightchange,audio_volume_up,0.2881363
change light color house,iot_hue_lightchange,iot_hue_lightchange,0.5769631
turn light party mode,iot_hue_lightchange,iot_hue_lightoff,0.25926915
set mood please,iot_hue_lightchange,audio_volume_mute,0.16445081
change light color,iot_hue_lightchange,iot_hue_lightchange,0.51586396
could change light colour green please,iot_hue_lightchange,iot_hue_lightchange,0.5835735
make curser adjustable position,iot_hue_lightchange,cooking_recipe,0.14622812
change light color,iot_hue_lightchange,iot_hue_lightchange,0.51586396
change light color blue,iot_hue_lightchange,iot_hue_lightchange,0.5697788
alter color light home,iot_hue_lightchange,iot_hue_lightchange,0.5802695
change light blue,iot_hue_lightchange,iot_hue_lightchange,0.514888
change living room light softer color,iot_hue_lightchange,iot_hue_lightchange,0.57398343
set living room light pink,iot_hue_lightchange,iot_hue_lightchange,0.55430204
change color light blue,iot_hue_lightchange,iot_hue_lightchange,0.5721212
let warm glow front room,iot_hue_lightchange,iot_hue_lightchange,0.3743497
switch light red tone,iot_hue_lightchange,iot_hue_lightchange,0.5086511
change light color blue please turn kitchen light,iot_hue_lightchange,iot_hue_lightchange,0.613979
light colour blue please,iot_hue_lightchange,iot_hue_lightchange,0.52665764
dim light living room,iot_hue_lightdim,iot_hue_lightoff,0.28864396
lower light intensity,iot_hue_lightdim,iot_hue_lightoff,0.26617238
please turn lower light,iot_hue_lightdim,iot_hue_lightoff,0.3580707
dim light please,iot_hue_lightdim,iot_hue_lightchange,0.23315048
please turn light,iot_hue_lightdim,iot_hue_lightoff,0.34153652
lower light,iot_hue_lightdim,iot_hue_lightoff,0.19147956
lower light bedroom two,iot_hue_lightdim,iot_hue_lightoff,0.26767117
want room less bright,iot_hue_lightdim,iot_hue_lightoff,0.3561274
hey olly make light little dimmer,iot_hue_lightdim,iot_hue_lightchange,0.5968287
light much,iot_hue_lightdim,general_affirm,0.09264509
reduce brightness,iot_hue_lightdim,audio_volume_up,0.13286665
dim overhead light tad,iot_hue_lightdim,iot_hue_lightchange,0.54482955
switch main light,iot_hue_lightoff,iot_hue_lightoff,0.29791313
light right side,iot_hue_lightoff,iot_hue_lightchange,0.22422972
turn light bathroom,iot_hue_lightoff,iot_hue_lightoff,0.35049617
bedroom light,iot_hue_lightoff,iot_hue_lightoff,0.22360612
turn light bathroom,iot_hue_lightoff,iot_hue_lightoff,0.35049617
please turn light kitchen,iot_hue_lightoff,iot_hue_lightchange,0.2710161
turn room light,iot_hue_lightoff,iot_hue_lightoff,0.36434558
power current,iot_hue_lightoff,audio_volume_mute,0.05791181
turn light kitchen,iot_hue_lightoff,iot_hue_lightoff,0.3257132
main power,iot_hue_lightoff,audio_volume_mute,0.07579141
turn upstairs bathroom light,iot_hue_lightoff,iot_hue_lightoff,0.3143786
please turn patio light,iot_hue_lightoff,iot_hue_lightoff,0.3043192
turn light please,iot_hue_lightoff,iot_hue_lightoff,0.3038239
make sure kitchen light,iot_hue_lightoff,iot_hue_lightchange,0.5680154
could turn light,iot_hue_lightoff,iot_hue_lightoff,0.33932084
turn living room light,iot_hue_lightoff,iot_hue_lightoff,0.35582724
switch light,iot_hue_lightoff,iot_hue_lightoff,0.23361245
turn desk lamp,iot_hue_lightoff,iot_hue_lightoff,0.19705048
turn left light,iot_hue_lightoff,iot_hue_lightoff,0.32875133
please turn light,iot_hue_lighton,iot_hue_lightoff,0.34153652
please turn light,iot_hue_lighton,iot_hue_lightoff,0.34153652
dark living room,iot_hue_lighton,iot_hue_lightoff,0.34289023
light,iot_hue_lightup,audio_volume_mute,0.036915805
lighten light,iot_hue_lightup,iot_hue_lightchange,0.16140212
need light turned seven,iot_hue_lightup,iot_hue_lightchange,0.45000777
increase brightness twenty percent,iot_hue_lightup,audio_volume_up,0.39166042
increase light room,iot_hue_lightup,iot_hue_lightoff,0.33582202
turn light,iot_hue_lightup,iot_hue_lightoff,0.23204778
would like light enter,iot_hue_lightup,iot_hue_lightchange,0.54870015
please arrange make light show brighter,iot_hue_lightup,iot_hue_lightchange,0.57272714
brighten living room light,iot_hue_lightup,iot_hue_lightchange,0.29548824
raise light,iot_hue_lightup,iot_hue_lightoff,0.18673657
raise light,iot_hue_lightup,iot_hue_lightoff,0.18673657
brighten light seventy percent,iot_hue_lightup,audio_volume_mute,0.15900266
increase,iot_hue_lightup,audio_volume_mute,0.043529395
brighten light,iot_hue_lightup,iot_hue_lightoff,0.21370734
deactive socket,iot_wemo_off,iot_hue_lightoff,0.10430848
turn rice cooker socket,iot_wemo_off,iot_wemo_off,0.34800702
power wemo plug socket,iot_wemo_off,iot_wemo_off,0.3693212
please switch wemo plug socket,iot_wemo_off,iot_wemo_off,0.37272534
shut smart socket,iot_wemo_off,iot_wemo_off,0.32743412
want use socket anymore,iot_wemo_off,iot_cleaning,0.24587624
turn smart plug thirty minute,iot_wemo_off,iot_wemo_off,0.29688412
turn wifi leave home save power,iot_wemo_off,iot_hue_lightoff,0.2057934
please turn smart plug socket,iot_wemo_off,iot_wemo_off,0.37417805
turn wemo plug socket connect charger,iot_wemo_on,iot_wemo_off,0.3468276
turn plug,iot_wemo_on,iot_wemo_off,0.20346688
button dashboard,iot_wemo_on,qa_definition,0.0955278
toggle wemo plug socket,iot_wemo_on,iot_wemo_off,0.3683767
wemo,iot_wemo_on,audio_volume_mute,0.036210626
start new smart socket,iot_wemo_on,iot_wemo_off,0.35752946
make wemo,iot_wemo_on,iot_wemo_off,0.13656849
create list monthly grocery bought,lists_createoradd,lists_createoradd,0.39687723
create list book ordered,lists_createoradd,lists_createoradd,0.35389143
create blank list,lists_createoradd,lists_createoradd,0.37549755
add list,lists_createoradd,lists_createoradd,0.27758038
add document thing need travel,lists_createoradd,lists_createoradd,0.39389482
start new list,lists_createoradd,lists_createoradd,0.388074
create new list,lists_createoradd,lists_createoradd,0.3694929
search item,lists_createoradd,lists_query,0.14980018
create new shopping list,lists_createoradd,lists_createoradd,0.4162305
start new list,lists_createoradd,lists_createoradd,0.388074
need set new list,lists_createoradd,lists_remove,0.3920507
remind buy jean shopping list,lists_createoradd,lists_remove,0.43183726
add cereal shopping list,lists_createoradd,lists_createoradd,0.40567294
need make list,lists_createoradd,lists_createoradd,0.3211652
please add item list,lists_createoradd,lists_createoradd,0.40352994
make new list dog breed,lists_createoradd,lists_createoradd,0.34005567
add item,lists_createoradd,lists_createoradd,0.23627912
make catalogue,lists_createoradd,iot_coffee,0.10795095
put list,lists_createoradd,lists_createoradd,0.2383911
open google keep,lists_query,play_audiobook,0.32887387
list type,lists_query,lists_query,0.23947614
list make today,lists_query,lists_query,0.35309452
put toothpaste pick list,lists_query,lists_remove,0.4277553
please show list,lists_query,lists_query,0.37431672
grocery list,lists_query,lists_createoradd,0.28456023
tell list,lists_query,lists_query,0.339503
many item list,lists_query,lists_query,0.39596274
tell name list,lists_query,lists_query,0.510212
show list available number,lists_query,lists_query,0.22312236
please tell list made,lists_query,lists_query,0.3607706
viewed list,lists_query,lists_query,0.29420277
put already walmart list,lists_query,lists_createoradd,0.32837534
see list today,lists_query,lists_query,0.1886037
anything list today,lists_query,lists_query,0.20493923
open list,lists_query,lists_createoradd,0.2434119
playlist,lists_query,general_quirky,0.03805336
whats list,lists_query,lists_query,0.3260433
whats schedule today,lists_query,weather_query,0.3079159
remove item list,lists_remove,lists_remove,0.36788604
delete last entry,lists_remove,lists_remove,0.3335448
remove book list,lists_remove,lists_remove,0.41600618
please remove list favorite album,lists_remove,lists_remove,0.1433157
please delete typed,lists_remove,lists_remove,0.32784945
take bread shopping list,lists_remove,lists_createoradd,0.36652645
change list,lists_remove,lists_createoradd,0.18074039
remove list apps started letter,lists_remove,lists_remove,0.42541927
remove list,lists_remove,lists_remove,0.2878317
get rid pea,lists_remove,transport_query,0.21533175
remove item three list,lists_remove,lists_remove,0.41089863
take grocery buying list,lists_remove,lists_remove,0.40283918
dont enough money buy nintendo switch right please remove amazon wishlist,lists_remove,social_post,0.2947392
want remove apple list,lists_remove,lists_createoradd,0.40230846
please remove item list,lists_remove,lists_createoradd,0.37597787
delete item,lists_remove,lists_remove,0.27567446
remove item four,lists_remove,lists_remove,0.4235255
get rid mike stein contact list,lists_remove,email_querycontact,0.38266382
delete grocery list note,lists_remove,lists_remove,0.3892926
save song favorite,music_likeness,music_likeness,0.4353703
please rate song five star please,music_likeness,music_query,0.3661847
like alt rock music,music_likeness,music_likeness,0.22413571
add song running list,music_likeness,lists_createoradd,0.25527126
like,music_likeness,general_quirky,0.038623895
add channel pandora,music_likeness,play_podcasts,0.18778779
song playlist,music_likeness,music_query,0.31954274
like,music_likeness,general_quirky,0.038623895
add song favorite playlist,music_likeness,music_likeness,0.3739823
favorite singer arijit singh find voice radio,music_likeness,play_radio,0.27733517
really enjoy song,music_likeness,music_likeness,0.33096826
like remember like song,music_likeness,music_likeness,0.38643327
favorite music folder,music_likeness,music_query,0.24119468
please save current song favorite,music_likeness,music_likeness,0.39481553
ever want hear rap,music_likeness,play_music,0.41219255
song playing amazing,music_likeness,music_query,0.4309662
please thumb song,music_likeness,music_likeness,0.24437669
remember song good slow exercise,music_likeness,music_likeness,0.31378454
song writer,music_query,music_query,0.26613826
please give detail zaalima song,music_query,music_likeness,0.3258337
give detail elton john,music_query,email_querycontact,0.41982725
movie song,music_query,music_query,0.332906
pop like hot come,music_query,qa_factoid,0.2032833
name singer,music_query,music_query,0.14764418
singing song,music_query,music_query,0.28210816
want know song phrase stairway heaven,music_query,music_query,0.22660306
find song,music_query,music_query,0.25566083
song info,music_query,music_query,0.23329814
list available favorite music sheeran,music_query,music_query,0.1940752
,music_query,general_quirky,0.032061186
list playback rahman collection,music_query,play_game,0.105776556
music,music_query,general_quirky,0.037062444
music service soul music listen,music_query,music_likeness,0.27477008
song listen,music_query,music_query,0.27315557
locate gospel music,music_query,music_query,0.2618574
tell name music,music_query,music_query,0.41488805
music traking,music_query,music_query,0.18526755
shuffle playlist,music_settings,music_likeness,0.18475004
repeat song end,music_settings,music_likeness,0.31836325
cut song music,music_settings,music_likeness,0.2145893
repeat previous song,music_settings,music_likeness,0.22290118
please repeat music akon,music_settings,music_settings,0.17816031
repeat song,music_settings,music_likeness,0.1873292
repeat song ten time,music_settings,music_query,0.26746798
add newscast time daily schedule,news_query,calendar_remove,0.28372443
city affected earthquake,news_query,weather_query,0.13664827
head line today news,news_query,news_query,0.60662043
seattle city council homelessness,news_query,transport_query,0.16180979
find news clean last six hour,news_query,recommendation_events,0.44450793
latest headline news newsource,news_query,news_query,0.61997724
could please find latest news source usually,news_query,news_query,0.55536777
please keep tab presidential debate going,news_query,recommendation_movies,0.15123811
whats happening around world,news_query,recommendation_events,0.35169324
want know everything break dam breaking california,news_query,weather_query,0.15087096
latest news obamacare,news_query,news_query,0.5610101
show news migration,news_query,news_query,0.5343633
find new trump article fox news,news_query,news_query,0.6237993
whats latest news xinhua,news_query,news_query,0.62580144
find info car,news_query,weather_query,0.11952054
show news cnn,news_query,news_query,0.5320582
current state brexit negotiation,news_query,qa_factoid,0.16140336
fast news academy award,news_query,qa_factoid,0.23150416
want news academy award,news_query,play_audiobook,0.1413677
want hear audiobook,play_audiobook,play_radio,0.29538608
pause resume,play_audiobook,play_audiobook,0.23858097
resume audio book karl pilkington,play_audiobook,play_audiobook,0.56370914
book please,play_audiobook,alarm_set,0.07453069
start playing american god last stopped,play_audiobook,play_audiobook,0.46546105
play last session joes book,play_audiobook,play_audiobook,0.5533081
open audio book history rome,play_audiobook,play_audiobook,0.54020166
start audiobook time traveller,play_audiobook,play_audiobook,0.48998266
resume animal farm,play_audiobook,play_audiobook,0.34991002
play file,play_audiobook,play_game,0.19353679
audio,play_audiobook,general_quirky,0.035757195
start last session joes book,play_audiobook,play_audiobook,0.5452807
play point audiobook,play_audiobook,play_audiobook,0.34122986
resume audiobook paused last,play_audiobook,play_audiobook,0.49333203
resume last kingdom,play_audiobook,play_audiobook,0.27810434
end pause audio book history rome,play_audiobook,play_audiobook,0.50343204
want finish listening book one thousand nine hundred eighty four left,play_audiobook,play_audiobook,0.54670966
keep reading,play_audiobook,play_audiobook,0.086024635
play favorite audio book tarzan,play_audiobook,play_audiobook,0.55778444
play game temple run,play_game,play_game,0.37699875
want play solitare,play_game,play_game,0.42937723
play twenty question,play_game,general_repeat,0.13567199
give company playing football,play_game,recommendation_movies,0.19376075
game play phone,play_game,play_game,0.42218176
let play,play_game,play_game,0.18138036
play tennis,play_game,play_game,0.16152242
let play poker,play_game,play_game,0.50640136
anyone tennis,play_game,qa_factoid,0.09145128
play pong,play_game,play_game,0.19783886
play solitaire,play_game,play_game,0.18622445
play nfs high speed,play_game,play_music,0.24120499
play game hangman,play_game,play_game,0.55599284
want play monopoly,play_game,play_game,0.47986016
bring papa pear saga,play_game,takeaway_query,0.26021194
play checker,play_game,play_game,0.18951344
fight street fighter,play_game,qa_factoid,0.20455457
paper scissors stone,play_game,qa_factoid,0.25531387
start poker game,play_game,play_game,0.46964976
play music liked,play_music,play_music,0.39415535
would like hear theme song,play_music,play_music,0.24248053
play list favorite,play_music,play_podcasts,0.38127327
put poker face lady gaga next play queue,play_music,play_audiobook,0.3275648
turn tune,play_music,play_radio,0.099802636
rock,play_music,general_quirky,0.037917905
play jumper third eye blind,play_music,play_audiobook,0.47350132
play music playlist,play_music,play_music,0.41011682
please turn music,play_music,audio_volume_up,0.35614944
play rap playlist,play_music,play_music,0.4735493
song play atmosphere,play_music,music_query,0.21475068
play true love next,play_music,play_music,0.23121041
play hip hop song,play_music,play_music,0.51815957
hey play crazy britney spear,play_music,play_game,0.5010905
play marvin gaye want,play_music,play_game,0.24369948
play tonic,play_music,play_game,0.17937325
play jingle bell next,play_music,play_audiobook,0.37441662
open jazz,play_music,play_game,0.120818876
play third day,play_music,play_podcasts,0.24851297
play fishing podcasts favorited,play_podcasts,play_audiobook,0.25703216
play podcast philadelphia eagle content,play_podcasts,play_podcasts,0.44183865
play new podcast npr,play_podcasts,play_podcasts,0.6006341
keep playing episode order,play_podcasts,play_podcasts,0.28032872
play next episode,play_podcasts,play_podcasts,0.58776635
play play list,play_podcasts,play_podcasts,0.39446035
play favorite listed podcasts starting first one,play_podcasts,play_audiobook,0.5018348
play previous episode,play_podcasts,play_podcasts,0.5109578
play favourite podcasts,play_podcasts,play_game,0.40864938
get next episode,play_podcasts,recommendation_events,0.19907746
please start next podcast episode,play_podcasts,play_podcasts,0.6575939
please play next episode podcast,play_podcasts,play_podcasts,0.64307404
show podcasts,play_podcasts,qa_factoid,0.064760186
play back december,play_podcasts,play_audiobook,0.25818837
please download podcast file available internet play,play_podcasts,play_game,0.501499
skip episode,play_podcasts,play_podcasts,0.25312948
skip one,play_podcasts,play_radio,0.07497633
top played podcasts,play_podcasts,play_podcasts,0.23332182
back previous episode podcast,play_podcasts,play_podcasts,0.6437658
play radia,play_radio,play_game,0.2096902
play nine hundred seventy one,play_radio,play_radio,0.633203
play radio,play_radio,play_radio,0.32918334
turn local radio,play_radio,play_radio,0.5346708
please turn sean hannity show,play_radio,play_music,0.30178133
play national public radio,play_radio,play_radio,0.55097747
play one thousand thirty seven,play_radio,play_radio,0.58396167
show upcoming programme one hundred five point one,play_radio,recommendation_events,0.1788516
load sirius play rock roll show,play_radio,play_radio,0.24280813
tune nearest english station,play_radio,play_audiobook,0.52598006
please play song kid,play_radio,play_music,0.50494605
find joel osteens broadcast sirius,play_radio,play_game,0.229442
please local sport talk show radio,play_radio,play_radio,0.3197546
play alex jones radio,play_radio,play_audiobook,0.32284907
play radio javan,play_radio,play_radio,0.4133206
press play radio,play_radio,play_radio,0.5799907
play rock station pandora,play_radio,play_radio,0.5596014
play music radio,play_radio,play_radio,0.5289687
play radio channel trance music,play_radio,play_music,0.47219467
current exchange rate china,qa_currency,qa_currency,0.8159357
five dollar many rupies,qa_currency,qa_currency,0.5539349
much dollar american worth yen,qa_currency,qa_currency,0.82205826
convert euro dollar,qa_currency,qa_currency,0.67547834
much ten dollar euro,qa_currency,qa_currency,0.8140456
much,qa_currency,general_praise,0.038907576
whats value euro relative nzd,qa_currency,qa_stock,0.17267506
exchange rate euro dollar,qa_currency,qa_currency,0.81882155
much money would need thousand peso,qa_currency,qa_currency,0.7709821
,qa_currency,general_quirky,0.032061186
ten dollar many canadian dollar,qa_currency,qa_currency,0.80726
much dollar worth canada,qa_currency,qa_currency,0.79693484
exchange rate canada,qa_currency,qa_currency,0.76775146
much indian rupee per today,qa_currency,qa_currency,0.44220656
many get one dollar,qa_currency,qa_currency,0.58581555
give exchange rate dollar euro,qa_currency,qa_currency,0.82231325
much australian dollar one buy one pound sterling,qa_currency,qa_currency,0.19359656
pound badly euro,qa_currency,qa_currency,0.74008673
exchange rate money united state switzerland,qa_currency,qa_currency,0.81631714
please define forensic,qa_definition,qa_definition,0.34554413
tell origin word evolution,qa_definition,qa_definition,0.31410354
whats definition diverse,qa_definition,qa_definition,0.23514271
love,qa_definition,general_quirky,0.037470255
trebuchet,qa_definition,general_quirky,0.04102321
know statue liberty,qa_definition,qa_factoid,0.23894395
google definition,qa_definition,qa_definition,0.1343685
define economics,qa_definition,qa_definition,0.15827718
stand,qa_definition,general_quirky,0.04102321
meaning word,qa_definition,qa_definition,0.111703776
please tell definition home,qa_definition,general_negate,0.12584236
would define car,qa_definition,qa_definition,0.2585462
look animal give definition,qa_definition,qa_definition,0.27333903
describe rotor,qa_definition,qa_definition,0.14085492
define moon,qa_definition,qa_definition,0.15827718
define flabbergasted,qa_definition,qa_definition,0.15827718
find meaning promise,qa_definition,cooking_recipe,0.20005563
define rumplestiltskin,qa_definition,qa_definition,0.15980361
grapefruit look like,qa_definition,qa_definition,0.24908523
year eiffel tower built,qa_factoid,qa_factoid,0.22042976
super bowl officially start,qa_factoid,play_podcasts,0.29077417
many month year,qa_factoid,datetime_query,0.32578582
many page long harry potter,qa_factoid,transport_query,0.2129295
cow come,qa_factoid,weather_query,0.113245524
italy,qa_factoid,general_quirky,0.04102321
give birth date mahatma gandhi,qa_factoid,weather_query,0.18570119
continent highest growth cotton average production,qa_factoid,qa_factoid,0.18892305
shakiras birthday,qa_factoid,calendar_query,0.07061347
please tell historic fact india,qa_factoid,qa_factoid,0.30748716
old emma watson newest boyfriend,qa_factoid,qa_factoid,0.21752617
assassinated lincoln,qa_factoid,qa_factoid,0.11601983
tell indian economy touch america,qa_factoid,qa_factoid,0.19900735
info lisa ann please,qa_factoid,weather_query,0.20880547
calculate distance boston new york,qa_factoid,transport_query,0.4929682
year george clooney start acting,qa_factoid,play_podcasts,0.115532756
tell win next presidential election,qa_factoid,news_query,0.5544166
capital new hampshire,qa_factoid,qa_factoid,0.18083104
name capital nigeria,qa_factoid,recommendation_movies,0.12336612
two two,qa_maths,qa_maths,0.095859356
fifteen plus twenty,qa_maths,qa_maths,0.34302685
divide two hundred four,qa_maths,qa_maths,0.3976054
one plus one,qa_maths,qa_maths,0.3162382
one divisible three,qa_maths,qa_maths,0.20616163
convert ten inch centimeter,qa_maths,qa_maths,0.30225375
answer math question,qa_maths,general_explain,0.19631103
three time two equal six,qa_maths,qa_maths,0.41958633
many inch make one foot,qa_maths,cooking_recipe,0.32411796
square root four,qa_maths,qa_maths,0.41152665
add thirteen plus five plus nine,qa_maths,qa_maths,0.21288992
twenty percent one hundred twenty,qa_maths,qa_maths,0.51381505
five divided one,qa_maths,qa_maths,0.5024807
sum,qa_maths,general_quirky,0.037482884
stock price target,qa_stock,qa_stock,0.6957493
fill stock symbol,qa_stock,qa_stock,0.6049962
price stock,qa_stock,qa_stock,0.4466023
google stock price,qa_stock,qa_stock,0.69104016
shell stock today,qa_stock,qa_stock,0.5539448
stock price gss energy,qa_stock,qa_stock,0.64345485
list stock apple right,qa_stock,qa_stock,0.6285195
stock price sprint,qa_stock,qa_stock,0.6980745
value apple,qa_stock,qa_stock,0.18791825
compare stock price nintendo sony tell one better,qa_stock,general_joke,0.4086233
much facebook stock increase last night,qa_stock,qa_stock,0.6721179
stock information walmart,qa_stock,qa_stock,0.58674836
stock price tata,qa_stock,qa_stock,0.6983679
current price jindel stock,qa_stock,qa_stock,0.72269267
coca cola stock today,qa_stock,qa_stock,0.5331669
much selling,qa_stock,qa_definition,0.10074058
price google stock trading,qa_stock,qa_stock,0.7284884
starbucks stock last quarter,qa_stock,qa_stock,0.620099
much buy stock,qa_stock,qa_stock,0.65383494
event coming,recommendation_events,calendar_query,0.18060783
let see cultural event weekend palermo neighborhood,recommendation_events,recommendation_events,0.57267416
concert happening nearby,recommendation_events,recommendation_events,0.41254595
type festival going town weekend,recommendation_events,recommendation_events,0.515411
show painting exhibition bay area,recommendation_events,recommendation_locations,0.48280668
fun thing seattle weekend,recommendation_events,recommendation_events,0.37545338
whats going,recommendation_events,weather_query,0.12826033
recommend event happening area,recommendation_events,recommendation_events,0.5186137
event happening weekend area,recommendation_events,recommendation_events,0.58415085
whats happening library month,recommendation_events,recommendation_events,0.28669447
playing local theater right,recommendation_events,recommendation_movies,0.29922056
going festival downtown,recommendation_events,weather_query,0.1466147
could list information book fair washington next week,recommendation_events,recommendation_movies,0.36375907
event going downtown tonight,recommendation_events,recommendation_events,0.32723606
yearly cultural event coming,recommendation_events,recommendation_events,0.34722874
whats happening around town,recommendation_events,recommendation_events,0.50702685
event suggest tonight,recommendation_events,calendar_query,0.22025912
whats happening town tonight,recommendation_events,recommendation_events,0.4965374
give list circus show going city right,recommendation_events,recommendation_events,0.4138832
please tell shop find book buy,recommendation_locations,transport_query,0.2727742
closest restaurant,recommendation_locations,takeaway_query,0.26076084
sport bar near kansa city plaza area,recommendation_locations,recommendation_locations,0.5472918
eat tonight,recommendation_locations,weather_query,0.11997596
looking casual restaurant dinner date,recommendation_locations,weather_query,0.29858875
shopping mall shirt,recommendation_locations,recommendation_events,0.16127433
shop near,recommendation_locations,recommendation_locations,0.2824023
closest bar close,recommendation_locations,recommendation_locations,0.22939795
find nearest irish pub area,recommendation_locations,recommendation_locations,0.5602608
give cafe near downtown fort lauderdale,recommendation_locations,recommendation_locations,0.15330517
best place buy party supply town,recommendation_locations,recommendation_locations,0.27717653
got grab drink west chester,recommendation_locations,transport_query,0.1638202
closer starbucks,recommendation_locations,qa_definition,0.12835954
best hardware store near,recommendation_locations,recommendation_locations,0.5440122
mcdo,recommendation_locations,general_quirky,0.04067109
recommend pub road,recommendation_locations,recommendation_movies,0.1257204
find grocery store organic section near,recommendation_locations,recommendation_locations,0.54765284
chinese place benton,recommendation_locations,takeaway_query,0.3284917
tell local shopping district,recommendation_locations,recommendation_events,0.27104005
play movie ill like,recommendation_movies,play_music,0.25382835
time movie shown tomorrow,recommendation_movies,datetime_query,0.2126848
new movie available today,recommendation_movies,recommendation_events,0.38937736
suggest good genre movie came recently,recommendation_movies,news_query,0.29996035
please recommend movie,recommendation_movies,recommendation_movies,0.20317905
highest rated movie week,recommendation_movies,recommendation_movies,0.21961254
recommend movie,recommendation_movies,recommendation_movies,0.13093571
recommend movie currently playing area,recommendation_movies,recommendation_movies,0.3303576
highest rated movie,recommendation_movies,recommendation_movies,0.19468392
best movie watch weekend,recommendation_movies,recommendation_movies,0.3579582
send complaint sony quit working,social_post,social_post,0.74482113
write complaint wallmart,social_post,social_post,0.6514351
please tweet problem facing product company,social_post,social_post,0.72614926
open gallery post video name,social_post,play_game,0.3073223
complain amazon customer service,social_post,social_post,0.55503994
tell comcast still hold,social_post,qa_definition,0.23441237
tweet insect chocolate packet,social_post,social_post,0.5739539
post new status,social_post,social_query,0.38321793
let send tweet,social_post,social_post,0.4957518
want tweet complaint apple phone issue,social_post,social_post,0.702263
tweet ikea costumer service following happy new klm product,social_post,social_post,0.742489
tweet quote unquote,social_post,social_post,0.42201948
tweet customer service good lpg service twitter account,social_post,social_post,0.76574373
comcast suck put twitter account,social_post,social_post,0.6743879
tweet complaint nsa,social_post,social_post,0.6829467
tweet terrible service,social_post,social_post,0.66215557
hashtag loving weather post twitter,social_post,social_query,0.5834218
send tweet apple battery drain fast,social_post,social_post,0.7449317
complain mcdonalds twitter burger,social_post,takeaway_query,0.19601895
facebook live right,social_query,qa_stock,0.13574071
tell whats going snap chat,social_query,weather_query,0.17415605
whats popular story facebook newsfeed,social_query,social_query,0.62966716
many notification facebook,social_query,social_query,0.480406
please check trending topic twitter,social_query,social_query,0.61695206
read new post feed,social_query,social_query,0.6301816
get update kennys facebook weekend,social_query,social_query,0.4566193
anyone get engaged give birth among online friend,social_query,social_query,0.57994485
anyone like photo posted,social_query,social_query,0.6362181
show post friend last hour,social_query,social_query,0.3983758
may know trending social medium,social_query,social_query,0.6345855
find update vickis facebook mardi gras day,social_query,social_query,0.5807825
open social medium account,social_query,social_query,0.3954345
happening twitter today,social_query,social_query,0.31182322
anyone message facebook,social_query,social_query,0.5621789
take popular post,social_query,social_query,0.3854312
interesting stuff happened today twitter,social_query,social_query,0.64117706
highest like facebook,social_query,social_query,0.4825299
please call china wok order number seven,takeaway_order,takeaway_order,0.41152218
place order pizza takeout seven,takeaway_order,takeaway_query,0.38055664
order,takeaway_order,general_quirky,0.036561906
order two large pizza piece hot wing domino,takeaway_order,takeaway_order,0.43127817
order bowl chipotle takeout,takeaway_order,takeaway_order,0.40965986
order pizza,takeaway_order,takeaway_query,0.3007647
place order chicken manchow soup wangs kitchen restaurant,takeaway_order,takeaway_order,0.4171257
hey order pizza pie extra cheese,takeaway_order,takeaway_order,0.42759526
want order food,takeaway_order,takeaway_query,0.37456602
call takeout,takeaway_order,takeaway_query,0.2546046
good chinese takeout thats open late,takeaway_order,recommendation_locations,0.2880692
would like pickup veggie sub cookie subway,takeaway_order,takeaway_query,0.26462328
pull menu closest mexican restaurant,takeaway_order,recommendation_locations,0.32283616
takeout place near,takeaway_order,recommendation_locations,0.39928493
place order one pizza,takeaway_order,takeaway_query,0.42289966
find nearest chinese delivery,takeaway_order,takeaway_query,0.43915612
order pizza pizza express,takeaway_order,takeaway_order,0.40416026
get turkey jimmy john sub set delivered five tonight,takeaway_order,weather_query,0.28278604
order smoked meat platter beano,takeaway_order,takeaway_order,0.397489
order pizza delivery,takeaway_query,takeaway_order,0.37341535
ping takeaway,takeaway_query,takeaway_query,0.25524983
need know pizza delivers,takeaway_query,takeaway_query,0.43941733
whats exact time get food delivered place order food,takeaway_query,takeaway_query,0.41578662
long receive food,takeaway_query,takeaway_query,0.37012273
check delivery option restaurant,takeaway_query,takeaway_query,0.3947411
louies take,takeaway_query,takeaway_query,0.1264161
takeaway order,takeaway_query,takeaway_query,0.30433065
order domino ready,takeaway_query,takeaway_order,0.3764644
offer home delivery order,takeaway_query,takeaway_query,0.43934882
provide takeaway,takeaway_query,takeaway_query,0.25598493
restaurant order status,takeaway_query,takeaway_query,0.4218081
takeaway arriving,takeaway_query,takeaway_query,0.17767195
find kfc delivers please,takeaway_query,cooking_recipe,0.48083562
deliver home,takeaway_query,takeaway_query,0.12490741
please see chili delivery,takeaway_query,takeaway_query,0.43059886
status order,takeaway_query,takeaway_query,0.23900655
please see restaurant chili delivery option,takeaway_query,takeaway_query,0.45767412
delivery,takeaway_query,general_quirky,0.04187394
book train ticket oregon,transport_query,transport_ticket,0.5585589
navigation search,transport_query,qa_factoid,0.09949003
time train leave philadelphia,transport_query,transport_query,0.4721717
please let know time train northern rail,transport_query,transport_query,0.4668038
direction please,transport_query,transport_traffic,0.06419903
far away nearest rest stop,transport_query,cooking_recipe,0.13894835
train time today,transport_query,transport_query,0.35842478
much long northern rail arrives king cross station,transport_query,transport_query,0.29780835
show train schedule metropolitan opera house,transport_query,transport_taxi,0.26600683
get route los angle,transport_query,transport_query,0.44833434
direction local train station,transport_query,transport_query,0.4256746
train schedule denver,transport_query,transport_query,0.30133754
long take get chicago train,transport_query,transport_ticket,0.4157351
leave office,transport_query,calendar_query,0.101823345
train coming,transport_query,transport_taxi,0.16755521
much time train,transport_query,transport_query,0.36450693
find nearest train station,transport_query,transport_query,0.337922
train leaving,transport_query,transport_query,0.22621524
get nearest train station,transport_query,transport_ticket,0.34526578
request driver uber five minute,transport_taxi,weather_query,0.13913949
order uber ride please,transport_taxi,transport_taxi,0.43799162
call yellow cab,transport_taxi,transport_taxi,0.39053145
find uber get airport,transport_taxi,transport_ticket,0.48035464
book taxi castle street airport,transport_taxi,transport_taxi,0.43589216
call taxi,transport_taxi,transport_taxi,0.30448684
book taxi,transport_taxi,transport_taxi,0.32049087
book uber pick outside long island bar right,transport_taxi,transport_taxi,0.3310848
call taxi pick work,transport_taxi,transport_taxi,0.47293624
find uber driver available tonight ten,transport_taxi,transport_ticket,0.31322184
book uber,transport_taxi,transport_taxi,0.285353
schedule uber twenty minute tesco fifth street,transport_taxi,transport_taxi,0.43697813
get taxi airport right,transport_taxi,transport_taxi,0.30267838
taxi pick,transport_taxi,transport_taxi,0.3329578
book uber tomorrow night six,transport_taxi,transport_taxi,0.38829735
book uber taxi carmen drive,transport_taxi,transport_ticket,0.5139948
uber,transport_taxi,general_quirky,0.03683447
book taxi start,transport_taxi,transport_taxi,0.40092313
book train ticket chicago tomorrow morning ten,transport_ticket,transport_ticket,0.571491
find train arrival time book,transport_ticket,transport_query,0.39923987
google train ticket washington,transport_ticket,transport_query,0.47101608
book ticket paris train,transport_ticket,transport_ticket,0.56071275
book train ticket,transport_ticket,transport_ticket,0.5263473
book train ticket canada evening,transport_ticket,transport_ticket,0.56788105
book train leaving penn station tomorrow travelling city two hundred mile away,transport_ticket,transport_ticket,0.57184756
get two train ticket dallas arriving dark,transport_ticket,transport_query,0.38752025
book pay train ticket denver saturday,transport_ticket,transport_ticket,0.56358933
please book train ticket london manchester,transport_ticket,transport_ticket,0.5684652
google need one train ticket new york book,transport_ticket,transport_query,0.49199072
need buy train ticket,transport_ticket,transport_ticket,0.49830678
book ticket irctc website sbc mdu may two stored passenger list,transport_ticket,transport_ticket,0.5296278
google search booking train ticket,transport_ticket,transport_query,0.4213427
please purchase amtrak ticket la vega nevada lakeland florida leaving first april,transport_ticket,transport_query,0.32986477
book next train ticket chennai,transport_ticket,transport_ticket,0.5669676
find train ticket boston,transport_ticket,transport_ticket,0.46714392
get ride commuter train,transport_ticket,transport_ticket,0.46612608
open irctc application book ticket,transport_ticket,transport_ticket,0.47190723
possible drive ohio,transport_traffic,transport_traffic,0.22940047
traffic city,transport_traffic,transport_traffic,0.35059202
current traffic,transport_traffic,transport_traffic,0.4983095
traffic,transport_traffic,transport_traffic,0.05146248
delay commute,transport_traffic,qa_factoid,0.11370089
traffic condition outside office,transport_traffic,transport_traffic,0.77426076
jodhpur traffic level low,transport_traffic,transport_traffic,0.29853407
outside traffic status please,transport_traffic,transport_traffic,0.42649543
show current traffic nearby,transport_traffic,weather_query,0.20091887
give information traffic near location please,transport_traffic,transport_traffic,0.44486952
bad traffic commute,transport_traffic,transport_traffic,0.7347896
much traffic atlanta georgia usually,transport_traffic,transport_traffic,0.5887748
traffic like right telegraph,transport_traffic,transport_traffic,0.76843315
whats traffic morning,transport_traffic,transport_traffic,0.4680235
accident normal traffic,transport_traffic,transport_traffic,0.73621285
long take get park avenue considering current traffic,transport_traffic,transport_traffic,0.25873414
traffic condition one hundred one,transport_traffic,transport_traffic,0.6485594
hows traffic downtown,transport_traffic,transport_traffic,0.6012165
traffic highway,transport_traffic,transport_traffic,0.54964346
bring umbrella tonight party,weather_query,weather_query,0.17603712
wear glove tonight,weather_query,weather_query,0.27836114
rain noon,weather_query,weather_query,0.14831327
weather night,weather_query,weather_query,0.16784969
temperature higher forty tomorrow,weather_query,transport_traffic,0.30536827
ask weather today morning,weather_query,weather_query,0.40476972
summer going,weather_query,recommendation_events,0.115942284
think wear sandal wear sneaker tonight seven,weather_query,social_post,0.35197154
show weather forecast next three three day,weather_query,weather_query,0.40098715
sure going rain tomorrow,weather_query,calendar_set,0.24880084
need snow boot afternoon,weather_query,weather_query,0.22294919
need wear sunscreen today,weather_query,weather_query,0.29342628
temperature today,weather_query,weather_query,0.15191916
weather next week,weather_query,weather_query,0.27891147
climate today,weather_query,weather_query,0.11870907
let know next cold front expected,weather_query,recommendation_events,0.20641093
gon need umbrella today sunset,weather_query,weather_query,0.28912452
google temperature outside,weather_query,transport_traffic,0.170012
tornado warning today,weather_query,weather_query,0.17300573
